Id,Pred
2016_1314_1462,0.682795118504
2016_1314_1452,0.676881016874
2016_1314_1246,0.575929362964
2016_1314_1231,0.570473219175
2016_1314_1323,0.748968424717
2016_1314_1458,0.805306548629
2016_1314_1425,0.809612302612
2016_1314_1344,0.825492805633
2016_1314_1338,0.782409590074
2016_1314_1276,0.790760206502
2016_1314_1409,0.855011316629
2016_1314_1151,0.767734788934
2016_1314_1392,0.706403943519
2016_1314_1372,0.575936834888
2016_1314_1451,0.844761391671
2016_1314_1192,0.955975700066
2016_1314_1195,0.902739708119
2016_1314_1438,0.567352757254
2016_1314_1277,0.390658589191
2016_1314_1428,0.692453899225
2016_1314_1235,0.760644699472
2016_1314_1345,0.539432477319
2016_1314_1371,0.763075862709
2016_1314_1173,0.782810961197
2016_1314_1403,0.865759406443
2016_1314_1139,0.706126807711
2016_1314_1393,0.813120618083
2016_1314_1211,0.563309100299
2016_1314_1114,0.713806248718
2016_1314_1233,0.819506292393
2016_1314_1201,0.856553589018
2016_1314_1292,0.86579734085
2016_1314_1214,0.929382509303
2016_1314_1242,0.53389016464
2016_1314_1437,0.492127239484
2016_1314_1274,0.659899756288
2016_1314_1143,0.735300753238
2016_1314_1268,0.677217035621
2016_1314_1112,0.611599470783
2016_1314_1234,0.705614722353
2016_1314_1160,0.835145688558
2016_1314_1163,0.651563897943
2016_1314_1396,0.880124847866
2016_1314_1435,0.732356267925
2016_1314_1455,0.560343503246
2016_1314_1355,0.808032651462
2016_1314_1218,0.701336964147
2016_1314_1138,0.916315707233
2016_1314_1421,0.870589519856
2016_1314_1122,0.951984301988
2016_1314_1332,0.610838062968
2016_1314_1328,0.64078530022
2016_1314_1401,0.667825377228
2016_1314_1181,0.663023854104
2016_1314_1124,0.78073940988
2016_1314_1400,0.843302278868
2016_1314_1333,0.901492716903
2016_1314_1386,0.728699783632
2016_1314_1153,0.65471600388
2016_1314_1433,0.736645962735
2016_1314_1320,0.811193446979
2016_1314_1463,0.680965933552
2016_1314_1423,0.812035257541
2016_1314_1453,0.885017114009
2016_1314_1167,0.796445720745
2016_1314_1221,0.965157377397
2016_1314_1380,0.927503022578
2016_1462_1452,0.494003582313
2016_1462_1246,0.387608322465
2016_1462_1231,0.382327792729
2016_1462_1323,0.581675769713
2016_1462_1458,0.658436623846
2016_1462_1425,0.664637843752
2016_1462_1344,0.687950031324
2016_1462_1338,0.626282698375
2016_1462_1276,0.637851727639
2016_1462_1409,0.733215278565
2016_1462_1151,0.606375679308
2016_1462_1392,0.528598916463
2016_1462_1372,0.38761558436
2016_1462_1451,0.717202912088
2016_1462_1192,0.910073200689
2016_1462_1195,0.812232441456
2016_1462_1438,0.37932760809
2016_1462_1277,0.230053982405
2016_1462_1428,0.512036415054
2016_1462_1235,0.596945877013
2016_1462_1345,0.353108419986
2016_1462_1371,0.600165743957
2016_1462_1173,0.62683470681
2016_1462_1403,0.75035596683
2016_1462_1139,0.528266024752
2016_1462_1393,0.669727836781
2016_1462_1211,0.375461081933
2016_1462_1114,0.537549376602
2016_1462_1233,0.679079430477
2016_1462_1201,0.735652562604
2016_1462_1292,0.750417111289
2016_1462_1214,0.859818201966
2016_1462_1242,0.348033855402
2016_1462_1437,0.31110565163
2016_1462_1274,0.474867654839
2016_1462_1143,0.564199572282
2016_1462_1268,0.494387721204
2016_1462_1112,0.423256025201
2016_1462_1234,0.527651330789
2016_1462_1160,0.702468897517
2016_1462_1163,0.465668830855
2016_1462_1396,0.773845047943
2016_1462_1435,0.560489440199
2016_1462_1455,0.372640535455
2016_1462_1355,0.662356978831
2016_1462_1218,0.522537415776
2016_1462_1138,0.836148809969
2016_1462_1421,0.758178595939
2016_1462_1122,0.9023452442
2016_1462_1332,0.422474047215
2016_1462_1328,0.453958918676
2016_1462_1401,0.483731799671
2016_1462_1181,0.478347830007
2016_1462_1124,0.623990045298
2016_1462_1400,0.714949419653
2016_1462_1333,0.810069183678
2016_1462_1386,0.55590875107
2016_1462_1153,0.469132454441
2016_1462_1433,0.565900972557
2016_1462_1320,0.666927661908
2016_1462_1463,0.498688175209
2016_1462_1423,0.668149559115
2016_1462_1453,0.782000392371
2016_1462_1167,0.645831210245
2016_1462_1221,0.928108329128
2016_1462_1380,0.856373382757
2016_1452_1246,0.394077465955
2016_1452_1231,0.388764753259
2016_1452_1323,0.588272480674
2016_1452_1458,0.664520997941
2016_1452_1425,0.670667004964
2016_1452_1344,0.693753197993
2016_1452_1338,0.632620260115
2016_1452_1276,0.644104587748
2016_1452_1409,0.738496633759
2016_1452_1151,0.612842137066
2016_1452_1392,0.535364039114
2016_1452_1372,0.394084771055
2016_1452_1451,0.722681361929
2016_1452_1192,0.912272323778
2016_1452_1195,0.816341366947
2016_1452_1438,0.385745602195
2016_1452_1277,0.234902213225
2016_1452_1428,0.518822861406
2016_1452_1235,0.60346594368
2016_1452_1345,0.359339631873
2016_1452_1371,0.606668044238
2016_1452_1173,0.633168390532
2016_1452_1403,0.755411192035
2016_1452_1139,0.535031722482
2016_1452_1393,0.675710138439
2016_1452_1211,0.381853904409
2016_1452_1114,0.544296785682
2016_1452_1233,0.684972021355
2016_1452_1201,0.740902718451
2016_1452_1292,0.755471501829
2016_1452_1214,0.863061368171
2016_1452_1242,0.354224553251
2016_1452_1437,0.316958824786
2016_1452_1274,0.48164772495
2016_1452_1143,0.570868556306
2016_1452_1268,0.50118050329
2016_1452_1112,0.429902462334
2016_1452_1234,0.534418074633
2016_1452_1160,0.708116616242
2016_1452_1163,0.472435721193
2016_1452_1396,0.778564992272
2016_1452_1435,0.567171644145
2016_1452_1455,0.379014478182
2016_1452_1355,0.668406687573
2016_1452_1218,0.529312068581
2016_1452_1138,0.839837573393
2016_1452_1421,0.763125421108
2016_1452_1122,0.904713564309
2016_1452_1332,0.42911734122
2016_1452_1328,0.460702361172
2016_1452_1401,0.490520211549
2016_1452_1181,0.485131685076
2016_1452_1124,0.630343538219
2016_1452_1400,0.720454509304
2016_1452_1333,0.814214619858
2016_1452_1386,0.562606250268
2016_1452_1153,0.4759048483
2016_1452_1433,0.572563645336
2016_1452_1320,0.672935914399
2016_1452_1463,0.50548097264
2016_1452_1423,0.674146539257
2016_1452_1453,0.786597068845
2016_1452_1167,0.652021458678
2016_1452_1221,0.92990038236
2016_1452_1380,0.859683240242
2016_1246_1231,0.495220748162
2016_1246_1323,0.687878217961
2016_1246_1458,0.753412690377
2016_1246_1425,0.75852196981
2016_1246_1344,0.777492788561
2016_1246_1338,0.726485564505
2016_1246_1276,0.736258945197
2016_1246_1409,0.813294274581
2016_1246_1151,0.709439778112
2016_1246_1392,0.639935139796
2016_1246_1372,0.500803962427
2016_1246_1451,0.800782334876
2016_1246_1192,0.941314853241
2016_1246_1195,0.872710929407
2016_1246_1438,0.492040377715
2016_1246_1277,0.321378400116
2016_1246_1428,0.624505648295
2016_1246_1235,0.701262617032
2016_1246_1345,0.463852778264
2016_1246_1371,0.704062268681
2016_1246_1173,0.72695409376
2016_1246_1403,0.826507362493
2016_1246_1139,0.63962726975
2016_1246_1393,0.762695790211
2016_1246_1211,0.487928135844
2016_1246_1114,0.648178644333
2016_1246_1233,0.770317781506
2016_1246_1201,0.815184379548
2016_1246_1292,0.826554166771
2016_1246_1214,0.906729713242
2016_1246_1242,0.458314264649
2016_1246_1437,0.417172034849
2016_1246_1274,0.589027799879
2016_1246_1143,0.672339545819
2016_1246_1268,0.607809048033
2016_1246_1112,0.53771343189
2016_1246_1234,0.639058538207
2016_1246_1160,0.789122528204
2016_1246_1163,0.580060288233
2016_1246_1396,0.844317935581
2016_1246_1435,0.669009954787
2016_1246_1455,0.484918710909
2016_1246_1355,0.756645836616
2016_1246_1218,0.634314861571
2016_1246_1138,0.889967575838
2016_1246_1421,0.832476520463
2016_1246_1122,0.936083122213
2016_1246_1332,0.536916851271
2016_1246_1328,0.568534507536
2016_1246_1401,0.597597880952
2016_1246_1181,0.592400801964
2016_1246_1124,0.724537252757
2016_1246_1400,0.799008206919
2016_1246_1333,0.871133893325
2016_1246_1386,0.664884053401
2016_1246_1153,0.583445704636
2016_1246_1433,0.673862805409
2016_1246_1320,0.760401844916
2016_1246_1463,0.611902098856
2016_1246_1423,0.76140350591
2016_1246_1453,0.850423177884
2016_1246_1167,0.742943970993
2016_1246_1221,0.953405154535
2016_1246_1380,0.904309397621
2016_1231_1323,0.692646501384
2016_1231_1458,0.757532702054
2016_1231_1425,0.762583515813
2016_1231_1344,0.781327241363
2016_1231_1338,0.730894781292
2016_1231_1276,0.740566872429
2016_1231_1409,0.816657250808
2016_1231_1151,0.714015611521
2016_1231_1392,0.645057920802
2016_1231_1372,0.506379329134
2016_1231_1451,0.804316453622
2016_1231_1192,0.942534831082
2016_1231_1195,0.875167950356
2016_1231_1438,0.497615435508
2016_1231_1277,0.326261776678
2016_1231_1428,0.629720931256
2016_1231_1235,0.705913844837
2016_1231_1345,0.469403593979
2016_1231_1371,0.708688014522
2016_1231_1173,0.73135855053
2016_1231_1403,0.82968218282
2016_1231_1139,0.644751999364
2016_1231_1393,0.766708725786
2016_1231_1211,0.493501867467
2016_1231_1114,0.653247692535
2016_1231_1233,0.774239977623
2016_1231_1201,0.818520907678
2016_1231_1292,0.829728307054
2016_1231_1214,0.908598853257
2016_1231_1242,0.463856143802
2016_1231_1437,0.42260454928
2016_1231_1274,0.594415819184
2016_1231_1143,0.677233828066
2016_1231_1268,0.613112567007
2016_1231_1112,0.543252534046
2016_1231_1234,0.64418685649
2016_1231_1160,0.792809973874
2016_1231_1163,0.585483139305
2016_1231_1396,0.847227076424
2016_1231_1435,0.673929851266
2016_1231_1455,0.490490993722
2016_1231_1355,0.760728984251
2016_1231_1218,0.639472555425
2016_1231_1138,0.892132668374
2016_1231_1421,0.835563840569
2016_1231_1122,0.937404627742
2016_1231_1332,0.542457376487
2016_1231_1328,0.573996887977
2016_1231_1401,0.60294928052
2016_1231_1181,0.597774796994
2016_1231_1124,0.728966159966
2016_1231_1400,0.80256603896
2016_1231_1333,0.873616946939
2016_1231_1386,0.669835011803
2016_1231_1153,0.588855825052
2016_1231_1433,0.678745206404
2016_1231_1320,0.764441591445
2016_1231_1463,0.617185128969
2016_1231_1423,0.765431573687
2016_1231_1453,0.853238064219
2016_1231_1167,0.747180200571
2016_1231_1221,0.954385972161
2016_1231_1380,0.906222024436
2016_1323_1458,0.581726260187
2016_1323_1425,0.588449687357
2016_1323_1344,0.613982030802
2016_1323_1338,0.547315770674
2016_1323_1276,0.559610390771
2016_1323_1409,0.664748142563
2016_1323_1151,0.526383382069
2016_1323_1392,0.447209858771
2016_1323_1372,0.313497762175
2016_1323_1451,0.646607021085
2016_1323_1192,0.879537521619
2016_1323_1195,0.757332576926
2016_1323_1438,0.306002668124
2016_1323_1277,0.177339510767
2016_1323_1428,0.430866637525
2016_1323_1235,0.516565051304
2016_1323_1345,0.282544534824
2016_1323_1371,0.519910621042
2016_1323_1173,0.547900219263
2016_1323_1403,0.684394296204
2016_1323_1139,0.446879633294
2016_1323_1393,0.593989646924
2016_1323_1211,0.302519259468
2016_1323_1114,0.456115632776
2016_1323_1233,0.604218434561
2016_1323_1201,0.667527296869
2016_1323_1292,0.684464802702
2016_1323_1214,0.815674130169
2016_1323_1242,0.278048177733
2016_1323_1437,0.245746781558
2016_1323_1274,0.394822547644
2016_1323_1143,0.482944744949
2016_1323_1268,0.413644053577
2016_1323_1112,0.346175673606
2016_1323_1234,0.446270051276
2016_1323_1160,0.630091932864
2016_1323_1163,0.386034444101
2016_1323_1396,0.711705182965
2016_1323_1435,0.479181424376
2016_1323_1455,0.299983469945
2016_1323_1355,0.585973438645
2016_1323_1218,0.441208135186
2016_1323_1138,0.786402749002
2016_1323_1421,0.693439396455
2016_1323_1122,0.869561556464
2016_1323_1332,0.345450805968
2016_1323_1328,0.374921952293
2016_1323_1401,0.403340155393
2016_1323_1181,0.398160882179
2016_1323_1124,0.544890712023
2016_1323_1400,0.644070158473
2016_1323_1333,0.754727818573
2016_1323_1386,0.474547761968
2016_1323_1153,0.389337339083
2016_1323_1433,0.484673624547
2016_1323_1320,0.590939543172
2016_1323_1463,0.417822557762
2016_1323_1423,0.592269781614
2016_1323_1453,0.72129429889
2016_1323_1167,0.568146634122
2016_1323_1221,0.903044253877
2016_1323_1380,0.811382487352
2016_1458_1425,0.507719765124
2016_1458_1344,0.534296833917
2016_1458_1338,0.465841406356
2016_1458_1276,0.478239345557
2016_1458_1409,0.588519283755
2016_1458_1151,0.44496217218
2016_1458_1392,0.368506544421
2016_1458_1372,0.247778449114
2016_1458_1451,0.568928155977
2016_1458_1192,0.840423066439
2016_1458_1195,0.69241456645
2016_1458_1438,0.241302295503
2016_1458_1277,0.134568345678
2016_1458_1428,0.353201793776
2016_1458_1235,0.435266814269
2016_1458_1345,0.221223029072
2016_1458_1371,0.43856351223
2016_1458_1173,0.466428496475
2016_1458_1403,0.610011821618
2016_1458_1139,0.368195725591
2016_1458_1393,0.513447904393
2016_1458_1211,0.238302504665
2016_1458_1114,0.376913662717
2016_1458_1233,0.524080028571
2016_1458_1201,0.591542070873
2016_1458_1292,0.61008947818
2016_1458_1214,0.76144736384
2016_1458_1242,0.217406820882
2016_1458_1437,0.190293361354
2016_1458_1274,0.320001710059
2016_1458_1143,0.402531998785
2016_1458_1268,0.337244081728
2016_1458_1112,0.276363740375
2016_1458_1234,0.367622139025
2016_1458_1160,0.551301973329
2016_1458_1163,0.312020346294
2016_1458_1396,0.640377158587
2016_1458_1435,0.398911854525
2016_1458_1455,0.236122767888
2016_1458_1355,0.505166240121
2016_1458_1218,0.362867709679
2016_1458_1138,0.726452574198
2016_1458_1421,0.620005070729
2016_1458_1122,0.827841916845
2016_1458_1332,0.275723408112
2016_1458_1328,0.301990473742
2016_1458_1401,0.327779441947
2016_1458_1181,0.323045113471
2016_1458_1124,0.46340779607
2016_1458_1400,0.566207764962
2016_1458_1333,0.689398771063
2016_1458_1386,0.394466501197
2016_1458_1153,0.315014895028
2016_1458_1433,0.404198045852
2016_1458_1320,0.51029157588
2016_1458_1463,0.341099776744
2016_1458_1423,0.511667351794
2016_1458_1453,0.65117594248
2016_1458_1167,0.486906696052
2016_1458_1221,0.870438143488
2016_1458_1380,0.756270425585
2016_1425_1344,0.527399237375
2016_1425_1338,0.458956612347
2016_1425_1276,0.471333000482
2016_1425_1409,0.58179618553
2016_1425_1151,0.438132851582
2016_1425_1392,0.362085159861
2016_1425_1372,0.242652438148
2016_1425_1451,0.562123123412
2016_1425_1192,0.836673550061
2016_1425_1195,0.686484688978
2016_1425_1438,0.236268180795
2016_1425_1277,0.131375368438
2016_1425_1428,0.346900598258
2016_1425_1235,0.428471426034
2016_1425_1345,0.216488284025
2016_1425_1371,0.431756004859
2016_1425_1173,0.459542490417
2016_1425_1403,0.603403241172
2016_1425_1139,0.36177665432
2016_1425_1393,0.50652671391
2016_1425_1211,0.233311727306
2016_1425_1114,0.370431715488
2016_1425_1233,0.517167856294
2016_1425_1201,0.58483352046
2016_1425_1292,0.603481358288
2016_1425_1214,0.756380101198
2016_1425_1242,0.21273144167
2016_1425_1437,0.186062434674
2016_1425_1274,0.314005265115
2016_1425_1143,0.395889405983
2016_1425_1268,0.331081849138
2016_1425_1112,0.2708593
2016_1425_1234,0.361207350602
2016_1425_1160,0.544441493746
2016_1425_1163,0.306106136443
2016_1425_1396,0.633974385959
2016_1425_1435,0.39228977711
2016_1425_1455,0.231163786646
2016_1425_1355,0.4982423674
2016_1425_1218,0.356489115242
2016_1425_1138,0.720914414926
2016_1425_1421,0.613458526471
2016_1425_1122,0.823858742894
2016_1425_1332,0.270226958856
2016_1425_1328,0.296184530034
2016_1425_1401,0.3217062036
2016_1425_1181,0.317018226328
2016_1425_1124,0.456528229215
2016_1425_1400,0.559393046209
2016_1425_1333,0.683437333925
2016_1425_1386,0.387870600089
2016_1425_1153,0.309069423956
2016_1425_1433,0.397546253431
2016_1425_1320,0.503368914842
2016_1425_1463,0.33490269259
2016_1425_1423,0.504745263844
2016_1425_1453,0.644858807379
2016_1425_1167,0.479990330559
2016_1425_1221,0.867282507869
2016_1425_1380,0.751129137505
2016_1344_1338,0.432645563096
2016_1344_1276,0.444895865349
2016_1344_1409,0.55567558688
2016_1344_1151,0.412106295263
2016_1344_1392,0.337859653815
2016_1344_1372,0.22361655607
2016_1344_1451,0.535754256903
2016_1344_1192,0.821590616691
2016_1344_1195,0.663116637579
2016_1344_1438,0.217589244983
2016_1344_1277,0.119689474991
2016_1344_1428,0.323176338947
2016_1344_1235,0.402607545942
2016_1344_1345,0.198965723084
2016_1344_1371,0.405834644318
2016_1344_1173,0.43322474794
2016_1344_1403,0.57765250546
2016_1344_1139,0.337560866696
2016_1344_1393,0.4799075129
2016_1344_1211,0.214800785908
2016_1344_1114,0.345950623863
2016_1344_1233,0.49054533725
2016_1344_1201,0.558758753203
2016_1344_1292,0.577732145164
2016_1344_1214,0.736219933063
2016_1344_1242,0.195437110915
2016_1344_1437,0.170466745133
2016_1344_1274,0.291526490806
2016_1344_1143,0.370716563296
2016_1344_1268,0.30792934957
2016_1344_1112,0.250342058104
2016_1344_1234,0.337009547722
2016_1344_1160,0.517921006091
2016_1344_1163,0.2839587671
2016_1344_1396,0.608922118083
2016_1344_1435,0.367206692155
2016_1344_1455,0.21277596746
2016_1344_1355,0.471642426471
2016_1344_1218,0.332442897484
2016_1344_1138,0.698987348106
2016_1344_1421,0.587914796867
2016_1344_1122,0.807864147951
2016_1344_1332,0.249741209878
2016_1344_1328,0.274471062135
2016_1344_1401,0.298916359758
2016_1344_1181,0.294416332421
2016_1344_1124,0.430245688991
2016_1344_1400,0.532996360003
2016_1344_1333,0.659954656521
2016_1344_1386,0.362901342316
2016_1344_1153,0.286796269456
2016_1344_1433,0.37233299078
2016_1344_1320,0.476755335906
2016_1344_1463,0.311607469756
2016_1344_1423,0.478128973887
2016_1344_1453,0.620105104448
2016_1344_1167,0.453484138513
2016_1344_1221,0.854534810491
2016_1344_1380,0.730689154347
2016_1338_1276,0.513230701422
2016_1338_1409,0.621961073216
2016_1338_1151,0.479757520738
2016_1338_1392,0.40164963866
2016_1338_1372,0.274788206152
2016_1338_1451,0.602887786801
2016_1338_1192,0.858320738166
2016_1338_1195,0.721409661436
2016_1338_1438,0.267857482892
2016_1338_1277,0.15172652063
2016_1338_1428,0.385809359878
2016_1338_1235,0.469945930329
2016_1338_1345,0.246285813202
2016_1338_1371,0.47328516096
2016_1338_1173,0.501386107045
2016_1338_1403,0.642767148005
2016_1338_1139,0.401328630978
2016_1338_1393,0.548308186262
2016_1338_1211,0.264642718317
2016_1338_1114,0.41032158017
2016_1338_1233,0.558833072315
2016_1338_1201,0.624894774241
2016_1338_1292,0.642842100982
2016_1338_1214,0.785946689236
2016_1338_1242,0.242171703388
2016_1338_1437,0.212809593585
2016_1338_1274,0.351208544013
2016_1338_1143,0.436619451396
2016_1338_1268,0.369219405462
2016_1338_1112,0.305225143705
2016_1338_1234,0.400736167228
2016_1338_1160,0.585638855633
2016_1338_1163,0.342841258799
2016_1338_1396,0.671953614158
2016_1338_1435,0.432914874275
2016_1338_1455,0.262305018964
2016_1338_1355,0.540088390705
2016_1338_1218,0.395821536351
2016_1338_1138,0.753381845382
2016_1338_1421,0.652399335562
2016_1338_1122,0.846893588158
2016_1338_1332,0.304546083098
2016_1338_1328,0.332299182893
2016_1338_1401,0.359343943575
2016_1338_1181,0.354394062172
2016_1338_1124,0.498350462399
2016_1338_1400,0.600231116849
2016_1338_1333,0.718562603756
2016_1338_1386,0.428360635415
2016_1338_1153,0.3459828492
2016_1338_1433,0.438323078702
2016_1338_1320,0.545177678837
2016_1338_1463,0.373234798642
2016_1338_1423,0.546542539008
2016_1338_1453,0.682274660646
2016_1338_1167,0.521897885123
2016_1338_1221,0.885428342513
2016_1338_1380,0.781148611694
2016_1276_1409,0.61019463565
2016_1276_1151,0.467355477654
2016_1276_1392,0.389754040858
2016_1276_1372,0.264985911991
2016_1276_1451,0.59091815841
2016_1276_1192,0.852162326679
2016_1276_1195,0.711301782401
2016_1276_1438,0.258214394135
2016_1276_1277,0.145433760034
2016_1276_1428,0.3740895947
2016_1276_1235,0.457574440054
2016_1276_1345,0.237167753781
2016_1276_1371,0.460902202248
2016_1276_1173,0.488950433896
2016_1276_1403,0.631264369538
2016_1276_1139,0.389436352627
2016_1276_1393,0.535959679991
2016_1276_1211,0.255075042475
2016_1276_1114,0.398340130078
2016_1276_1233,0.546534336082
2016_1276_1201,0.613162855655
2016_1276_1292,0.631340351733
2016_1276_1214,0.777458032108
2016_1276_1242,0.233158839943
2016_1276_1437,0.204594475996
2016_1276_1274,0.33995807642
2016_1276_1143,0.424422799144
2016_1276_1268,0.357710087212
2016_1276_1112,0.294778425599
2016_1276_1234,0.38885004189
2016_1276_1160,0.573517101139
2016_1276_1163,0.331721781664
2016_1276_1396,0.660894822036
2016_1276_1435,0.420744422181
2016_1276_1455,0.252792804686
2016_1276_1355,0.527708730081
2016_1276_1218,0.383987777126
2016_1276_1138,0.744022378118
2016_1276_1421,0.641033498887
2016_1276_1122,0.840330869538
2016_1276_1332,0.294112768
2016_1276_1328,0.321354422053
2016_1276_1401,0.347972643343
2016_1276_1181,0.343095513951
2016_1276_1124,0.485916706554
2016_1276_1400,0.588236103087
2016_1276_1333,0.708393181874
2016_1276_1386,0.416224243614
2016_1276_1153,0.334813392557
2016_1276_1433,0.426114831407
2016_1276_1320,0.532816510187
2016_1276_1463,0.361672080267
2016_1276_1423,0.53418677036
2016_1276_1453,0.671393651622
2016_1276_1167,0.509473292024
2016_1276_1221,0.880283879695
2016_1276_1380,0.772524749743
2016_1409_1151,0.359920485838
2016_1409_1392,0.29043106839
2016_1409_1372,0.187679662927
2016_1409_1451,0.480713852613
2016_1409_1192,0.786963270939
2016_1409_1195,0.612247580393
2016_1409_1438,0.182393428371
2016_1409_1277,0.0983389519948
2016_1409_1428,0.27694685748
2016_1409_1235,0.35090661786
2016_1409_1345,0.166142647372
2016_1409_1371,0.353964851594
2016_1409_1173,0.380093676814
2016_1409_1403,0.523158326697
2016_1409_1139,0.290155844809
2016_1409_1393,0.425347828651
2016_1409_1211,0.179952273633
2016_1409_1114,0.29789723166
2016_1409_1233,0.435789620141
2016_1409_1201,0.503920321815
2016_1409_1292,0.523239761138
2016_1409_1214,0.691249812831
2016_1409_1242,0.163077636881
2016_1409_1437,0.141514525298
2016_1409_1274,0.248164405954
2016_1409_1143,0.320910990441
2016_1409_1268,0.263033292534
2016_1409_1112,0.211278978201
2016_1409_1234,0.28964809655
2016_1409_1160,0.462885967986
2016_1409_1163,0.241338873533
2016_1409_1396,0.555356945343
2016_1409_1435,0.317634651225
2016_1409_1455,0.178181409759
2016_1409_1355,0.417268512191
2016_1409_1218,0.285446906708
2016_1409_1138,0.650681443524
2016_1409_1421,0.533675808015
2016_1409_1122,0.771314198191
2016_1409_1332,0.210745528825
2016_1409_1328,0.232812190384
2016_1409_1401,0.254850489371
2016_1409_1181,0.250776557355
2016_1409_1124,0.377236798075
2016_1409_1400,0.477947593421
2016_1409_1333,0.608889749791
2016_1409_1386,0.313622455508
2016_1409_1153,0.24389555378
2016_1409_1433,0.322421519654
2016_1409_1320,0.422263060027
2016_1409_1463,0.266381556161
2016_1409_1423,0.423606800756
2016_1409_1453,0.566982410359
2016_1409_1167,0.399620293345
2016_1409_1221,0.824939149792
2016_1409_1380,0.685179331454
2016_1151_1392,0.422041881897
2016_1151_1372,0.291881481743
2016_1151_1451,0.622861491253
2016_1151_1192,0.86825434912
2016_1151_1195,0.738012551543
2016_1151_1438,0.284688874213
2016_1151_1277,0.162884058386
2016_1151_1428,0.405942992357
2016_1151_1235,0.490960506013
2016_1151_1345,0.262247232163
2016_1151_1371,0.494309806084
2016_1151_1173,0.522420928803
2016_1151_1403,0.661860027795
2016_1151_1139,0.421716063024
2016_1151_1393,0.569064866125
2016_1151_1211,0.28134973073
2016_1151_1114,0.43083708496
2016_1151_1233,0.579477035294
2016_1151_1201,0.644414435151
2016_1151_1292,0.661933081758
2016_1151_1214,0.799770935478
2016_1151_1242,0.257957746553
2016_1151_1437,0.227255616954
2016_1151_1274,0.370626121222
2016_1151_1143,0.45742984223
2016_1151_1268,0.389035662785
2016_1151_1112,0.323367529412
2016_1151_1234,0.421114672948
2016_1151_1160,0.605913031579
2016_1151_1163,0.362054383112
2016_1151_1396,0.69023833038
2016_1151_1435,0.453690887186
2016_1151_1455,0.278920428353
2016_1151_1355,0.560920317351
2016_1151_1218,0.416123663727
2016_1151_1138,0.76869026359
2016_1151_1421,0.671240718916
2016_1151_1122,0.857495374777
2016_1151_1332,0.322666851202
2016_1151_1328,0.351237283138
2016_1151_1401,0.378948595315
2016_1151_1181,0.373886264987
2016_1151_1124,0.519390590919
2016_1151_1400,0.620254278321
2016_1151_1333,0.735272904276
2016_1151_1386,0.449091171828
2016_1151_1153,0.365274171454
2016_1151_1433,0.459148492348
2016_1151_1320,0.565964339795
2016_1151_1463,0.393132249539
2016_1151_1423,0.567316328666
2016_1151_1453,0.700240731817
2016_1151_1167,0.542856350609
2016_1151_1221,0.893696738417
2016_1151_1380,0.7952019874
2016_1392_1372,0.361541109853
2016_1392_1451,0.694086404684
2016_1392_1192,0.900535933909
2016_1392_1195,0.79465985927
2016_1392_1438,0.353488835623
2016_1392_1277,0.210927817992
2016_1392_1428,0.484210141982
2016_1392_1235,0.569894368919
2016_1392_1345,0.328111489392
2016_1392_1371,0.57317582311
2016_1392_1173,0.600446533113
2016_1392_1403,0.728925190816
2016_1392_1139,0.500462343006
2016_1392_1393,0.644653355008
2016_1392_1211,0.349737278596
2016_1392_1114,0.509785106528
2016_1392_1233,0.65434850238
2016_1392_1201,0.713441604934
2016_1392_1292,0.728989688441
2016_1392_1214,0.8458538526
2016_1392_1242,0.323216669028
2016_1392_1437,0.287759463308
2016_1392_1274,0.447210079725
2016_1392_1143,0.536656173524
2016_1392_1268,0.466603432122
2016_1392_1112,0.396335717108
2016_1392_1234,0.499845721077
2016_1392_1160,0.678687574207
2016_1392_1163,0.438100050123
2016_1392_1396,0.753769004599
2016_1392_1435,0.532905683479
2016_1392_1455,0.347002606538
2016_1392_1355,0.637026184461
2016_1392_1218,0.494719043162
2016_1392_1138,0.820319342678
2016_1392_1421,0.737184147299
2016_1392_1122,0.892085567881
2016_1392_1332,0.395569362886
2016_1392_1328,0.426530002277
2016_1392_1401,0.456006264847
2016_1392_1181,0.450661510041
2016_1392_1124,0.597529870367
2016_1392_1400,0.691727882782
2016_1392_1333,0.792345907633
2016_1392_1386,0.528279463229
2016_1392_1153,0.441528059516
2016_1392_1433,0.53837712405
2016_1392_1320,0.641754306625
2016_1392_1463,0.470887287566
2016_1392_1423,0.643019122439
2016_1392_1453,0.762426049735
2016_1392_1167,0.619971951199
2016_1392_1221,0.920316320071
2016_1392_1380,0.842128881698
2016_1372_1451,0.800777454285
2016_1372_1192,0.941313163209
2016_1372_1195,0.872707530866
2016_1372_1438,0.492032731335
2016_1372_1277,0.321371727931
2016_1372_1428,0.624498474194
2016_1372_1235,0.701256207903
2016_1372_1345,0.463845169925
2016_1372_1371,0.704055894268
2016_1372_1173,0.726948021202
2016_1372_1403,0.826502975589
2016_1372_1139,0.639620217839
2016_1372_1393,0.76269025306
2016_1372_1211,0.487920491985
2016_1372_1114,0.648171667714
2016_1372_1233,0.770312368644
2016_1372_1201,0.815179770356
2016_1372_1292,0.826549780802
2016_1372_1214,0.906727125907
2016_1372_1242,0.4583066695
2016_1372_1437,0.417164596432
2016_1372_1274,0.58902039402
2016_1372_1143,0.672332806111
2016_1372_1268,0.607801755267
2016_1372_1112,0.537705827074
2016_1372_1234,0.639051481447
2016_1372_1160,0.789117437188
2016_1372_1163,0.580052835987
2016_1372_1396,0.8443139142
2016_1372_1435,0.66900318031
2016_1372_1455,0.484911069551
2016_1372_1355,0.756640203341
2016_1372_1218,0.634307765139
2016_1372_1138,0.889964579946
2016_1372_1421,0.8324722539
2016_1372_1122,0.936081291746
2016_1372_1332,0.536909244636
2016_1372_1328,0.568527002896
2016_1372_1401,0.597590524021
2016_1372_1181,0.592393414826
2016_1372_1124,0.724531146815
2016_1372_1400,0.799003293774
2016_1372_1333,0.871130458896
2016_1372_1386,0.664877236778
2016_1372_1153,0.583438269323
2016_1372_1433,0.673856081835
2016_1372_1320,0.760396271054
2016_1372_1463,0.611894833602
2016_1372_1423,0.761397948038
2016_1372_1453,0.850419286267
2016_1372_1167,0.742938128298
2016_1372_1221,0.953403795447
2016_1372_1380,0.904306750232
2016_1451_1192,0.800126493317
2016_1451_1195,0.631146356417
2016_1451_1438,0.194685559823
2016_1451_1277,0.105698683461
2016_1451_1428,0.293325149126
2016_1451_1235,0.369424079933
2016_1451_1345,0.177577449638
2016_1451_1371,0.372551070361
2016_1451_1173,0.399204092475
2016_1451_1403,0.543159270127
2016_1451_1139,0.30698364437
2016_1451_1393,0.445099851704
2016_1451_1211,0.192118545023
2016_1451_1114,0.314974781061
2016_1451_1233,0.455642063415
2016_1451_1201,0.523993994015
2016_1451_1292,0.543240271048
2016_1451_1214,0.708133665486
2016_1451_1242,0.174345595268
2016_1451_1437,0.15156238257
2016_1451_1274,0.263460759174
2016_1451_1143,0.338671457425
2016_1451_1268,0.278906147113
2016_1451_1112,0.224982131806
2016_1451_1234,0.306459162056
2016_1451_1160,0.482916266175
2016_1451_1163,0.25635796746
2016_1451_1396,0.575104219195
2016_1451_1435,0.335303323059
2016_1451_1455,0.190255732924
2016_1451_1355,0.436930618857
2016_1451_1218,0.302117841752
2016_1451_1138,0.668720566494
2016_1451_1421,0.553612015073
2016_1451_1122,0.785180407065
2016_1451_1332,0.224423928632
2016_1451_1328,0.247473740822
2016_1451_1401,0.270410734353
2016_1451_1181,0.26617691577
2016_1451_1124,0.396295400795
2016_1451_1400,0.498025323459
2016_1451_1333,0.627852706381
2016_1451_1386,0.331176263804
2016_1451_1153,0.259019433814
2016_1451_1433,0.340223702318
2016_1451_1320,0.441982011254
2016_1451_1463,0.282379043938
2016_1451_1423,0.443340349343
2016_1451_1453,0.586597711722
2016_1451_1167,0.419048812541
2016_1451_1221,0.836244166716
2016_1451_1380,0.702252156927
2016_1192_1195,0.30011253665
2016_1192_1438,0.057122033879
2016_1192_1277,0.0287666452994
2016_1192_1428,0.0942178803065
2016_1192_1235,0.12801908519
2016_1192_1345,0.0513318645525
2016_1192_1371,0.129522418495
2016_1192_1173,0.142744172408
2016_1192_1403,0.229553853826
2016_1192_1139,0.0999159331764
2016_1192_1393,0.167369027402
2016_1192_1211,0.0562421786493
2016_1192_1114,0.103320475703
2016_1192_1233,0.173388607584
2016_1192_1201,0.216216922258
2016_1192_1292,0.229611592829
2016_1192_1214,0.378113556986
2016_1192_1242,0.0502572351974
2016_1192_1437,0.0428481686267
2016_1192_1274,0.082265376134
2016_1192_1143,0.113737487697
2016_1192_1268,0.0883625744684
2016_1192_1112,0.0678139196898
2016_1192_1234,0.0996943339173
2016_1192_1160,0.189653775482
2016_1192_1163,0.079520134402
2016_1192_1396,0.253280410648
2016_1192_1435,0.112226736326
2016_1192_1455,0.0556061639419
2016_1192_1355,0.162801666169
2016_1192_1218,0.0978687267227
2016_1192_1138,0.33592753345
2016_1192_1421,0.237103745696
2016_1192_1122,0.478067848468
2016_1192_1332,0.067611647787
2016_1192_1328,0.0761368703766
2016_1192_1401,0.084987032031
2016_1192_1181,0.0833248251313
2016_1192_1124,0.141264737359
2016_1192_1400,0.199120772652
2016_1192_1333,0.297154684925
2016_1192_1386,0.110389405129
2016_1192_1153,0.0805445475429
2016_1192_1433,0.114437181356
2016_1192_1320,0.1656159976
2016_1192_1463,0.0897581836762
2016_1192_1423,0.166378225563
2016_1192_1453,0.262312877813
2016_1192_1167,0.153088605889
2016_1192_1221,0.56135036882
2016_1192_1380,0.371484324804
2016_1195_1438,0.1241396356
2016_1195_1277,0.0648031451467
2016_1195_1428,0.195723285817
2016_1195_1235,0.255661634666
2016_1195_1345,0.112365805103
2016_1195_1371,0.258220006387
2016_1195_1173,0.280348200953
2016_1195_1403,0.410745395203
2016_1195_1139,0.206162888433
2016_1195_1393,0.31985415512
2016_1195_1211,0.122361466156
2016_1195_1114,0.212333660973
2016_1195_1233,0.329189737588
2016_1195_1201,0.392240795259
2016_1195_1292,0.410824407085
2016_1195_1214,0.587195656812
2016_1195_1242,0.110161808729
2016_1195_1437,0.094802974775
2016_1195_1274,0.173358319145
2016_1195_1143,0.230911264315
2016_1195_1268,0.1848471237
2016_1195_1112,0.145440671357
2016_1195_1234,0.205759516123
2016_1195_1160,0.353814435873
2016_1195_1163,0.168130154202
2016_1195_1396,0.442444941687
2016_1195_1435,0.228244946555
2016_1195_1455,0.121073664353
2016_1195_1355,0.312688306269
2016_1195_1218,0.20242834637
2016_1195_1138,0.542013566916
2016_1195_1421,0.420998213666
2016_1195_1122,0.681823019487
2016_1195_1332,0.145042884825
2016_1195_1328,0.161638911093
2016_1195_1401,0.178507488494
2016_1195_1181,0.175366732199
2016_1195_1124,0.277904937107
2016_1195_1400,0.3677570205
2016_1195_1333,0.497265848236
2016_1195_1386,0.224989580117
2016_1195_1153,0.170085152971
2016_1195_1433,0.232142979829
2016_1195_1320,0.317112268164
2016_1195_1463,0.187453275591
2016_1195_1423,0.318305751106
2016_1195_1453,0.454120788218
2016_1195_1167,0.29720733797
2016_1195_1221,0.74962092094
2016_1195_1380,0.580321419728
2016_1438_1277,0.329064771291
2016_1438_1428,0.632682793612
2016_1438_1235,0.708548317743
2016_1438_1345,0.472573771658
2016_1438_1371,0.71130779927
2016_1438_1173,0.733851024391
2016_1438_1403,0.831472614352
2016_1438_1139,0.64766090081
2016_1438_1393,0.768976821775
2016_1438_1211,0.496682447636
2016_1438_1114,0.656124130789
2016_1438_1233,0.7764562018
2016_1438_1201,0.820403271936
2016_1438_1292,0.831518352177
2016_1438_1214,0.909650029818
2016_1438_1242,0.467021832479
2016_1438_1437,0.425712250017
2016_1438_1274,0.59747957222
2016_1438_1143,0.680008759164
2016_1438_1268,0.616126295004
2016_1438_1112,0.546407849334
2016_1438_1234,0.647097852639
2016_1438_1160,0.794892194592
2016_1438_1163,0.588567664233
2016_1438_1396,0.848866667538
2016_1438_1435,0.676719628338
2016_1438_1455,0.493671082463
2016_1438_1355,0.763037248461
2016_1438_1218,0.642400710197
2016_1438_1138,0.893350989413
2016_1438_1421,0.837304566787
2016_1438_1122,0.938147070267
2016_1438_1332,0.54561359035
2016_1438_1328,0.577105148453
2016_1438_1401,0.605991300502
2016_1438_1181,0.60083021568
2016_1438_1124,0.731472680775
2016_1438_1400,0.8045743813
2016_1438_1333,0.875015097929
2016_1438_1386,0.672642805562
2016_1438_1153,0.591932744965
2016_1438_1433,0.681513254353
2016_1438_1320,0.766725022663
2016_1438_1463,0.620186785489
2016_1438_1423,0.767708324444
2016_1438_1453,0.854824198402
2016_1438_1167,0.749576143805
2016_1438_1221,0.954936681809
2016_1438_1380,0.90729774723
2016_1277_1428,0.778913615108
2016_1277_1235,0.832569348458
2016_1277_1345,0.646979417357
2016_1277_1371,0.834428983418
2016_1277_1173,0.849393627978
2016_1277_1403,0.909841678953
2016_1277_1139,0.789908912868
2016_1277_1393,0.871931550568
2016_1277_1211,0.668704792664
2016_1277_1114,0.796031389186
2016_1277_1233,0.876612596917
2016_1277_1201,0.903321312162
2016_1277_1292,0.909868453221
2016_1277_1214,0.953689636198
2016_1277_1242,0.641872082794
2016_1277_1437,0.602582286537
2016_1277_1274,0.752236760369
2016_1277_1143,0.81296850031
2016_1277_1268,0.766515928253
2016_1277_1112,0.711313201571
2016_1277_1234,0.789499299491
2016_1277_1160,0.887980223233
2016_1277_1163,0.745290535365
2016_1277_1396,0.919926067501
2016_1277_1435,0.810665517266
2016_1277_1455,0.666030598149
2016_1277_1355,0.868185199405
2016_1277_1218,0.786070921538
2016_1277_1138,0.94485365788
2016_1277_1421,0.913244608535
2016_1277_1122,0.968773099899
2016_1277_1332,0.710654790631
2016_1277_1328,0.736237595198
2016_1277_1401,0.758797094607
2016_1277_1181,0.754827795381
2016_1277_1124,0.847833695822
2016_1277_1400,0.893854938363
2016_1277_1333,0.934725500194
2016_1277_1386,0.807798102347
2016_1277_1153,0.747922781802
2016_1277_1433,0.814018834775
2016_1277_1320,0.870514280863
2016_1277_1463,0.769580564784
2016_1277_1423,0.871133620776
2016_1277_1453,0.923335482895
2016_1277_1167,0.85959813927
2016_1277_1221,0.977449286914
2016_1277_1380,0.95242396716
2016_1428_1235,0.586080561078
2016_1428_1345,0.342905428309
2016_1428_1371,0.589327513268
2016_1428_1173,0.616257161418
2016_1428_1403,0.741837689832
2016_1428_1139,0.517047158116
2016_1428_1393,0.659706073798
2016_1428_1211,0.364976618168
2016_1428_1114,0.526353337058
2016_1428_1233,0.669201272078
2016_1428_1201,0.7268152381
2016_1428_1292,0.741900203
2016_1428_1214,0.854309761391
2016_1428_1242,0.337900901465
2016_1428_1437,0.301550568981
2016_1428_1274,0.463668178053
2016_1428_1143,0.553112351827
2016_1428_1268,0.48315144089
2016_1428_1112,0.41231804625
2016_1428_1234,0.51643122724
2016_1428_1160,0.692985193297
2016_1428_1163,0.454498535146
2016_1428_1396,0.765878182655
2016_1428_1435,0.549383217532
2016_1428_1455,0.362189157038
2016_1428_1355,0.652227696223
2016_1428_1218,0.511308342981
2016_1428_1138,0.829894289046
2016_1428_1421,0.749838251175
2016_1428_1122,0.898310263759
2016_1428_1332,0.411541856696
2016_1428_1328,0.442836720784
2016_1428_1401,0.472511374426
2016_1428_1181,0.467139288937
2016_1428_1124,0.613381599535
2016_1428_1400,0.705696862216
2016_1428_1333,0.803053634703
2016_1428_1386,0.544780788078
2016_1428_1153,0.457950282125
2016_1428_1433,0.554822883509
2016_1428_1320,0.656864464158
2016_1428_1463,0.487448383654
2016_1428_1423,0.658104353368
2016_1428_1453,0.774237004048
2016_1428_1167,0.635478998098
2016_1428_1221,0.925049429751
2016_1428_1380,0.850753074539
2016_1235_1345,0.269930760021
2016_1235_1371,0.504146259201
2016_1235_1173,0.532228025818
2016_1235_1403,0.670609128567
2016_1235_1139,0.431340125522
2016_1235_1393,0.578686587244
2016_1235_1211,0.289373411892
2016_1235_1114,0.440510738748
2016_1235_1233,0.589034168757
2016_1235_1201,0.653378529661
2016_1235_1292,0.670681232822
2016_1235_1214,0.805997641101
2016_1235_1242,0.265560836147
2016_1235_1437,0.234239441598
2016_1235_1274,0.379850102381
2016_1235_1143,0.467210451231
2016_1235_1268,0.398427767008
2016_1235_1112,0.332035855997
2016_1235_1234,0.430735233667
2016_1235_1160,0.615268252013
2016_1235_1163,0.371190851739
2016_1235_1396,0.698587551522
2016_1235_1435,0.463459839668
2016_1235_1455,0.286902487677
2016_1235_1355,0.570586664866
2016_1235_1218,0.425714054595
2016_1235_1138,0.775612334854
2016_1235_1421,0.679864502181
2016_1235_1122,0.862236185873
2016_1235_1332,0.331325592395
2016_1235_1328,0.360254930805
2016_1235_1401,0.388251929386
2016_1235_1181,0.38314198964
2016_1235_1124,0.529203837206
2016_1235_1400,0.629477239196
2016_1235_1333,0.742860480998
2016_1235_1386,0.458844267568
2016_1235_1153,0.374444200794
2016_1235_1433,0.468934088627
2016_1235_1320,0.575603659938
2016_1235_1463,0.402558089524
2016_1235_1423,0.576948066962
2016_1235_1453,0.708434234589
2016_1235_1167,0.552603183466
2016_1235_1221,0.897377342766
2016_1235_1380,0.8015355192
2016_1345_1371,0.733947642727
2016_1345_1173,0.755331082099
2016_1345_1403,0.84671957832
2016_1345_1139,0.672997455009
2016_1345_1393,0.78843925252
2016_1345_1211,0.524911853959
2016_1345_1114,0.681151709776
2016_1345_1233,0.795456138396
2016_1345_1201,0.836454717249
2016_1345_1292,0.846761940783
2016_1345_1214,0.918517273221
2016_1345_1242,0.495224131071
2016_1345_1437,0.453542754188
2016_1345_1274,0.624331564021
2016_1345_1143,0.704082003436
2016_1345_1268,0.642478708264
2016_1345_1112,0.574239022984
2016_1345_1234,0.672454418863
2016_1345_1160,0.812703158511
2016_1345_1163,0.615631708169
2016_1345_1396,0.862799630983
2016_1345_1435,0.70093149074
2016_1345_1455,0.521906810085
2016_1345_1355,0.782858760866
2016_1345_1218,0.667921576304
2016_1345_1138,0.903648437738
2016_1345_1421,0.852117745443
2016_1345_1122,0.944388502432
2016_1345_1332,0.573455454486
2016_1345_1328,0.604416421333
2016_1345_1401,0.632624612946
2016_1345_1181,0.62759800479
2016_1345_1124,0.753080101951
2016_1345_1400,0.821733128672
2016_1345_1333,0.886858740526
2016_1345_1386,0.697023297988
2016_1345_1153,0.618918755051
2016_1345_1433,0.705522328597
2016_1345_1320,0.786324442688
2016_1345_1463,0.646420417642
2016_1345_1423,0.787248053186
2016_1345_1453,0.868293153268
2016_1345_1167,0.770184519958
2016_1345_1221,0.959556950273
2016_1345_1380,0.916374628042
2016_1371_1173,0.528890512988
2016_1371_1403,0.667642395755
2016_1371_1139,0.428056327217
2016_1371_1393,0.575416116445
2016_1371_1211,0.286625647632
2016_1371_1114,0.437210802063
2016_1371_1233,0.585786527404
2016_1371_1201,0.650337523906
2016_1371_1292,0.667714827646
2016_1371_1214,0.80389372403
2016_1371_1242,0.262955516097
2016_1371_1437,0.231844402665
2016_1371_1274,0.376698628701
2016_1371_1143,0.463876333878
2016_1371_1268,0.395220389402
2016_1371_1112,0.329070579636
2016_1371_1234,0.427452578868
2016_1371_1160,0.612091397908
2016_1371_1163,0.368068580943
2016_1371_1396,0.695758488208
2016_1371_1435,0.460129372468
2016_1371_1455,0.284168803814
2016_1371_1355,0.567300332125
2016_1371_1218,0.422441269447
2016_1371_1138,0.7732715904
2016_1371_1421,0.676940971861
2016_1371_1122,0.860636708897
2016_1371_1332,0.328363540926
2016_1371_1328,0.357172397307
2016_1371_1401,0.385074032438
2016_1371_1181,0.379979938817
2016_1371_1124,0.52586396924
2016_1371_1400,0.626346459655
2016_1371_1333,0.740292480321
2016_1371_1386,0.455518808962
2016_1371_1153,0.371310723763
2016_1371_1433,0.465598420064
2016_1371_1320,0.57232694402
2016_1371_1463,0.399339534332
2016_1371_1423,0.573674043009
2016_1371_1453,0.705658651909
2016_1371_1167,0.549287936248
2016_1371_1221,0.896136717857
2016_1371_1380,0.799395255295
2016_1173_1403,0.642225255897
2016_1173_1139,0.400761936461
2016_1173_1393,0.54772382972
2016_1173_1211,0.264183859867
2016_1173_1114,0.409750878448
2016_1173_1233,0.55825136196
2016_1173_1201,0.624341615914
2016_1173_1292,0.642300259298
2016_1173_1214,0.785549525511
2016_1173_1242,0.241738998709
2016_1173_1437,0.212414647049
2016_1173_1274,0.350671166813
2016_1173_1143,0.436039219688
2016_1173_1268,0.368670129831
2016_1173_1112,0.304725078834
2016_1173_1234,0.400169750098
2016_1173_1160,0.585066246695
2016_1173_1163,0.342309929407
2016_1173_1396,0.671433363989
2016_1173_1435,0.432335787698
2016_1173_1455,0.261848770491
2016_1173_1355,0.539502331147
2016_1173_1218,0.395257484021
2016_1173_1138,0.752943252736
2016_1173_1421,0.651864140936
2016_1173_1122,0.846587434641
2016_1173_1332,0.304046643897
2016_1173_1328,0.331775942991
2016_1173_1401,0.358801002573
2016_1173_1181,0.353854469235
2016_1173_1124,0.49776067559
2016_1173_1400,0.59966488843
2016_1173_1333,0.718085259313
2016_1173_1386,0.427783045301
2016_1173_1153,0.345449210402
2016_1173_1433,0.43774234211
2016_1173_1320,0.544592636103
2016_1173_1463,0.372683078796
2016_1173_1423,0.545957789757
2016_1173_1453,0.681763026699
2016_1173_1167,0.521309190456
2016_1173_1221,0.885188797485
2016_1173_1380,0.78074502895
2016_1403_1139,0.272070764258
2016_1403_1393,0.403627738818
2016_1403_1211,0.167118915949
2016_1403_1114,0.279519640938
2016_1403_1233,0.413920392033
2016_1403_1201,0.481550189402
2016_1403_1292,0.500877924028
2016_1403_1214,0.671825777771
2016_1403_1242,0.151225775759
2016_1403_1437,0.13098452236
2016_1403_1274,0.231841775901
2016_1403_1143,0.301723781532
2016_1403_1268,0.246052746691
2016_1403_1112,0.196747549719
2016_1403_1234,0.271582555252
2016_1403_1160,0.440719119624
2016_1403_1163,0.225330632063
2016_1403_1396,0.533157476819
2016_1403_1435,0.298557211472
2016_1403_1455,0.165448862224
2016_1403_1355,0.395676915501
2016_1403_1218,0.267544705854
2016_1403_1138,0.630071028935
2016_1403_1421,0.51134632611
2016_1403_1122,0.755142935724
2016_1403_1332,0.196241661348
2016_1403_1328,0.217207603437
2016_1403_1401,0.238227437502
2016_1403_1181,0.234335667703
2016_1403_1124,0.356449569226
2016_1403_1400,0.455671377832
2016_1403_1333,0.587377202179
2016_1403_1386,0.294681925572
2016_1403_1153,0.227768639423
2016_1403_1433,0.303184317953
2016_1403_1320,0.400590683293
2016_1403_1463,0.249257965134
2016_1403_1423,0.401913435313
2016_1403_1453,0.544887710261
2016_1403_1167,0.378348988033
2016_1403_1221,0.811633847573
2016_1403_1380,0.665558165412
2016_1139_1393,0.644959314617
2016_1139_1211,0.350041148378
2016_1139_1114,0.510118945868
2016_1139_1233,0.654650586267
2016_1139_1201,0.713714639291
2016_1139_1292,0.729253530431
2016_1139_1214,0.846027951868
2016_1139_1242,0.323508960082
2016_1139_1437,0.288033336169
2016_1139_1274,0.447540351813
2016_1139_1143,0.536988333873
2016_1139_1268,0.466935928613
2016_1139_1112,0.396655377173
2016_1139_1234,0.500179692726
2016_1139_1160,0.678978822445
2016_1139_1163,0.438428930343
2016_1139_1396,0.754016862825
2016_1139_1435,0.533238193998
2016_1139_1455,0.34730536933
2016_1139_1355,0.637335016703
2016_1139_1218,0.495052979874
2016_1139_1138,0.820516162133
2016_1139_1421,0.737442884875
2016_1139_1122,0.892214104884
2016_1139_1332,0.395888810209
2016_1139_1328,0.426856795061
2016_1139_1401,0.456337670396
2016_1139_1181,0.450992251522
2016_1139_1124,0.597851093074
2016_1139_1400,0.692012674825
2016_1139_1333,0.792565620394
2016_1139_1386,0.528612353919
2016_1139_1153,0.441857489508
2016_1139_1433,0.538709111144
2016_1139_1320,0.642061376407
2016_1139_1463,0.471220139892
2016_1139_1423,0.643325710627
2016_1139_1453,0.76266793748
2016_1139_1167,0.620286644602
2016_1139_1221,0.920414231247
2016_1139_1380,0.842306403764
2016_1393_1211,0.229236399483
2016_1393_1114,0.3651018406
2016_1393_1233,0.511441840003
2016_1393_1201,0.579257121801
2016_1393_1292,0.597983256392
2016_1393_1214,0.752131298439
2016_1393_1242,0.208917639445
2016_1393_1437,0.182615844081
2016_1393_1274,0.309088674753
2016_1393_1143,0.390420391232
2016_1393_1268,0.326024953708
2016_1393_1112,0.26635596843
2016_1393_1234,0.355935161811
2016_1393_1160,0.538750449574
2016_1393_1163,0.301258912316
2016_1393_1396,0.628638913416
2016_1393_1435,0.386838646997
2016_1393_1455,0.227114863446
2016_1393_1355,0.492512150158
2016_1393_1218,0.351247926291
2016_1393_1138,0.716279093746
2016_1393_1421,0.608008906851
2016_1393_1122,0.820507516206
2016_1393_1332,0.265730309126
2016_1393_1328,0.291428431128
2016_1393_1401,0.316724705865
2016_1393_1181,0.312075921519
2016_1393_1124,0.450846689764
2016_1393_1400,0.553735683691
2016_1393_1333,0.678457185437
2016_1393_1386,0.382442232682
2016_1393_1153,0.304195846832
2016_1393_1433,0.392069204863
2016_1393_1320,0.497638213542
2016_1393_1463,0.329816212599
2016_1393_1423,0.499014637748
2016_1393_1453,0.639591798078
2016_1393_1167,0.474271612306
2016_1393_1221,0.864621694307
2016_1393_1380,0.74681941011
2016_1211_1114,0.659827346458
2016_1211_1233,0.779299444848
2016_1211_1201,0.822815107366
2016_1211_1292,0.833811158113
2016_1211_1214,0.910993383065
2016_1211_1242,0.471119983312
2016_1211_1437,0.429740185567
2016_1211_1274,0.601430694843
2016_1211_1143,0.683578804011
2016_1211_1268,0.620010790351
2016_1211_1112,0.550483120679
2016_1211_1234,0.650846545842
2016_1211_1160,0.797562086518
2016_1211_1163,0.592546609196
2016_1211_1396,0.850965700737
2016_1211_1435,0.680309117294
2016_1211_1455,0.497784674768
2016_1211_1355,0.765999730284
2016_1211_1218,0.646172016329
2016_1211_1138,0.894908684847
2016_1211_1421,0.839533825923
2016_1211_1122,0.939095088823
2016_1211_1332,0.549690116715
2016_1211_1328,0.581116052419
2016_1211_1401,0.609913421565
2016_1211_1181,0.604770204954
2016_1211_1124,0.73469257139
2016_1211_1400,0.807148817324
2016_1211_1333,0.876803671906
2016_1211_1386,0.676255905331
2016_1211_1153,0.595901490111
2016_1211_1433,0.685074287567
2016_1211_1320,0.769655318202
2016_1211_1463,0.624055263339
2016_1211_1423,0.770629963296
2016_1211_1453,0.856854442604
2016_1211_1167,0.75265236189
2016_1211_1221,0.95563953443
2016_1211_1380,0.908672563607
2016_1114_1233,0.646170647601
2016_1114_1201,0.706033752467
2016_1114_1292,0.721827055484
2016_1114_1214,0.841106653266
2016_1114_1242,0.315400995002
2016_1114_1437,0.280445892078
2016_1114_1274,0.438338049531
2016_1114_1143,0.527703614869
2016_1114_1268,0.457665195888
2016_1114_1112,0.387764987417
2016_1114_1234,0.490856699224
2016_1114_1160,0.670795855146
2016_1114_1163,0.429268404335
2016_1114_1396,0.747034016637
2016_1114_1435,0.523944941753
2016_1114_1455,0.338899781497
2016_1114_1355,0.628671068227
2016_1114_1218,0.485732679719
2016_1114_1138,0.814957795019
2016_1114_1421,0.730157921796
2016_1114_1122,0.888574597641
2016_1114_1332,0.387004581138
2016_1114_1328,0.4177581886
2016_1114_1401,0.44710087084
2016_1114_1181,0.441775729016
2016_1114_1124,0.588852386437
2016_1114_1400,0.684007324208
2016_1114_1333,0.786367032036
2016_1114_1386,0.519310025564
2016_1114_1153,0.432680521707
2016_1114_1433,0.529428660055
2016_1114_1320,0.633445399783
2016_1114_1463,0.461938057667
2016_1114_1423,0.634722853664
2016_1114_1453,0.755851154686
2016_1114_1167,0.611463704769
2016_1114_1221,0.917639032723
2016_1114_1380,0.837289032689
2016_1233_1201,0.568843558934
2016_1233_1292,0.587703283177
2016_1233_1214,0.744106273647
2016_1233_1242,0.201965962073
2016_1233_1437,0.176344259737
2016_1233_1274,0.300068147286
2016_1233_1143,0.380332880081
2016_1233_1268,0.316736744464
2016_1233_1112,0.258116652834
2016_1233_1234,0.346232581444
2016_1233_1160,0.528150988659
2016_1233_1163,0.29237019482
2016_1233_1396,0.618642915373
2016_1233_1435,0.376786477416
2016_1233_1455,0.219725860262
2016_1233_1355,0.481872016578
2016_1233_1218,0.341605348619
2016_1233_1138,0.707544656704
2016_1233_1421,0.597812874895
2016_1233_1122,0.814149230935
2016_1233_1332,0.257503554301
2016_1233_1328,0.28271240911
2016_1233_1401,0.307580535858
2016_1233_1181,0.303006447414
2016_1233_1124,0.440325681858
2016_1233_1400,0.54318859664
2016_1233_1333,0.669096295071
2016_1233_1386,0.372434914664
2016_1233_1153,0.295257090927
2016_1233_1433,0.381965786601
2016_1233_1320,0.486993607771
2016_1233_1463,0.320471351422
2016_1233_1423,0.48836921191
2016_1233_1453,0.629716964527
2016_1233_1167,0.463665506827
2016_1233_1221,0.859558620023
2016_1233_1380,0.738682158558
2016_1201_1292,0.520121557908
2016_1201_1214,0.688576443727
2016_1201_1242,0.161379266359
2016_1201_1437,0.14000315698
2016_1201_1274,0.245840196249
2016_1201_1143,0.318193813209
2016_1201_1268,0.260618098791
2016_1201_1112,0.209204097475
2016_1201_1234,0.287083720874
2016_1201_1160,0.459780574407
2016_1201_1163,0.239058263005
2016_1201_1396,0.552269055801
2016_1201_1435,0.314932349912
2016_1201_1455,0.176358887482
2016_1201_1355,0.414233133689
2016_1201_1218,0.282904912677
2016_1201_1138,0.647835763208
2016_1201_1421,0.530564623495
2016_1201_1122,0.769102514747
2016_1201_1332,0.208674500837
2016_1201_1328,0.230587665341
2016_1201_1401,0.252484689508
2016_1201_1181,0.248435967263
2016_1201_1124,0.37430557566
2016_1201_1400,0.47483048271
2016_1201_1333,0.605909815281
2016_1201_1386,0.310938734124
2016_1201_1153,0.241598476968
2016_1201_1433,0.31969757375
2016_1201_1320,0.419217486699
2016_1201_1463,0.263946629441
2016_1201_1423,0.420558590707
2016_1201_1453,0.563911859465
2016_1201_1167,0.39662591533
2016_1201_1221,0.823127161031
2016_1201_1380,0.682477544273
2016_1292_1214,0.671753801465
2016_1292_1242,0.151183879753
2016_1292_1437,0.130947368902
2016_1292_1274,0.231783644816
2016_1292_1143,0.301655009359
2016_1292_1268,0.245992193471
2016_1292_1112,0.196695964835
2016_1292_1234,0.271517981817
2016_1292_1160,0.440638658236
2016_1292_1163,0.22527365478
2016_1292_1396,0.533076224704
2016_1292_1435,0.298488852531
2016_1292_1455,0.165403793696
2016_1292_1355,0.395598860781
2016_1292_1218,0.267480739942
2016_1292_1138,0.629994938449
2016_1292_1421,0.511264757704
2016_1292_1122,0.755082571164
2016_1292_1332,0.196190176705
2016_1292_1328,0.217152104381
2016_1292_1401,0.238168201729
2016_1292_1181,0.23427710202
2016_1292_1124,0.356374689476
2016_1292_1400,0.455590410338
2016_1292_1333,0.587298082092
2016_1292_1386,0.294614081256
2016_1292_1153,0.227711226874
2016_1292_1433,0.303115357389
2016_1292_1320,0.400512301661
2016_1292_1463,0.249196883831
2016_1292_1423,0.401834968371
2016_1292_1453,0.544806756692
2016_1292_1167,0.378272211935
2016_1292_1221,0.81158393485
2016_1292_1380,0.665485498928
2016_1214_1242,0.0802992214183
2016_1214_1437,0.0687820255222
2016_1214_1274,0.128845004018
2016_1214_1143,0.174743950239
2016_1214_1268,0.137875850971
2016_1214_1112,0.10716646582
2016_1214_1234,0.15448129257
2016_1214_1160,0.278580603765
2016_1214_1163,0.124756677246
2016_1214_1396,0.358830363692
2016_1214_1435,0.172580658349
2016_1214_1455,0.0885474459782
2016_1214_1355,0.242912026983
2016_1214_1218,0.151821607451
2016_1214_1138,0.454935715767
2016_1214_1421,0.338972589866
2016_1214_1122,0.60179820097
2016_1214_1332,0.106860270753
2016_1214_1328,0.119699058176
2016_1214_1401,0.132884557691
2016_1214_1181,0.130419077792
2016_1214_1124,0.213479701071
2016_1214_1400,0.290893105603
2016_1214_1333,0.410926692431
2016_1214_1386,0.169944384737
2016_1214_1153,0.126283896822
2016_1214_1433,0.175744523571
2016_1214_1320,0.246703130191
2016_1214_1463,0.139933441489
2016_1214_1423,0.247727751169
2016_1214_1453,0.369763019014
2016_1214_1167,0.229730955177
2016_1214_1221,0.678610265774
2016_1214_1380,0.493723805293
2016_1242_1437,0.45907247377
2016_1242_1274,0.629544674485
2016_1242_1143,0.70870477468
2016_1242_1268,0.647582141538
2016_1242_1112,0.579679278479
2016_1242_1234,0.677344851093
2016_1242_1160,0.816072342899
2016_1242_1163,0.620892237548
2016_1242_1396,0.86541688763
2016_1242_1435,0.705582898342
2016_1242_1455,0.527465497863
2016_1242_1355,0.786623848484
2016_1242_1218,0.672846760657
2016_1242_1138,0.905571738872
2016_1242_1421,0.854904503943
2016_1242_1122,0.945547583056
2016_1242_1332,0.578898380029
2016_1242_1328,0.609733140511
2016_1242_1401,0.637789407193
2016_1242_1181,0.632792447402
2016_1242_1124,0.757201391795
2016_1242_1400,0.824974860038
2016_1242_1333,0.889076046284
2016_1242_1386,0.701709622212
2016_1242_1153,0.624161761603
2016_1242_1433,0.710131862738
2016_1242_1320,0.790045553858
2016_1242_1463,0.651498105526
2016_1242_1423,0.790957355911
2016_1242_1453,0.870821304585
2016_1242_1167,0.774105957978
2016_1242_1221,0.960413135352
2016_1242_1380,0.918066930843
2016_1437_1274,0.667639122895
2016_1437_1143,0.741995134784
2016_1437_1268,0.684750586346
2016_1437_1112,0.61980471261
2016_1437_1234,0.712766600828
2016_1437_1160,0.839864867252
2016_1437_1163,0.659395047642
2016_1437_1396,0.883735688018
2016_1437_1435,0.739098694263
2016_1437_1455,0.56886825802
2016_1437_1355,0.813354517617
2016_1437_1218,0.708549842024
2016_1437_1138,0.918936823606
2016_1437_1421,0.874446606934
2016_1437_1122,0.953544864163
2016_1437_1332,0.619049370944
2016_1437_1328,0.648728098032
2016_1437_1401,0.675473083446
2016_1437_1181,0.670727601531
2016_1437_1124,0.786618108783
2016_1437_1400,0.847830508256
2016_1437_1333,0.904529738562
2016_1437_1386,0.735501055554
2016_1437_1153,0.66251300425
2016_1437_1433,0.743318199441
2016_1437_1320,0.816447592226
2016_1437_1463,0.688452239552
2016_1437_1423,0.817271253656
2016_1437_1453,0.888499259987
2016_1437_1167,0.802010100642
2016_1437_1221,0.966304954148
2016_1437_1380,0.929800580195
2016_1274_1143,0.58953007358
2016_1274_1268,0.520326135389
2016_1274_1112,0.448774916934
2016_1274_1234,0.553424712898
2016_1274_1160,0.723698416892
2016_1274_1163,0.491565384376
2016_1274_1396,0.791493375431
2016_1274_1435,0.585877303795
2016_1274_1455,0.397209463551
2016_1274_1355,0.68516584251
2016_1274_1218,0.548350990109
2016_1274_1138,0.849878367555
2016_1274_1421,0.776696693278
2016_1274_1122,0.911117635983
2016_1274_1332,0.447982413118
2016_1274_1328,0.479788999953
2016_1274_1401,0.509674705804
2016_1274_1181,0.50428403345
2016_1274_1124,0.648013391023
2016_1274_1400,0.735623573097
2016_1274_1333,0.825528042583
2016_1274_1386,0.581363581353
2016_1274_1153,0.495043170623
2016_1274_1433,0.591204234833
2016_1274_1320,0.689572470208
2016_1274_1463,0.524618108155
2016_1274_1423,0.690749814347
2016_1274_1453,0.79917746327
2016_1274_1167,0.66919889419
2016_1274_1221,0.934733799131
2016_1274_1380,0.868674431477
2016_1143_1268,0.431069626841
2016_1143_1112,0.362516230268
2016_1143_1234,0.463982471367
2016_1143_1160,0.64658095995
2016_1143_1163,0.403096499642
2016_1143_1396,0.726137430728
2016_1143_1435,0.49702760536
2016_1143_1455,0.315194743574
2016_1143_1355,0.603190581065
2016_1143_1218,0.458886143582
2016_1143_1138,0.798156102944
2016_1143_1421,0.708411409845
2016_1143_1122,0.877452107741
2016_1143_1332,0.36177607914
2016_1143_1328,0.391806287477
2016_1143_1401,0.420643053447
2016_1143_1181,0.415396280833
2016_1143_1124,0.562540848997
2016_1143_1400,0.660272046617
2016_1143_1333,0.767709274338
2016_1143_1386,0.492384521409
2016_1143_1153,0.406448735784
2016_1143_1433,0.502526989369
2016_1143_1320,0.608088292743
2016_1143_1463,0.43529348093
2016_1143_1423,0.609399625289
2016_1143_1453,0.735424961796
2016_1143_1167,0.585580811616
2016_1143_1221,0.909121034751
2016_1143_1380,0.82207230627
2016_1268_1112,0.429525863429
2016_1268_1234,0.534035684254
2016_1268_1160,0.707798885078
2016_1268_1163,0.472052714424
2016_1268_1396,0.778299938587
2016_1268_1435,0.566794348507
2016_1268_1455,0.378652849164
2016_1268_1355,0.668065992623
2016_1268_1218,0.528929181107
2016_1268_1138,0.839630754816
2016_1268_1421,0.762847515852
2016_1268_1122,0.904581002289
2016_1268_1332,0.42874091285
2016_1268_1328,0.460320566849
2016_1268_1401,0.490136164638
2016_1268_1181,0.484747842965
2016_1268_1124,0.6299853846
2016_1268_1400,0.720144900751
2016_1268_1333,0.813982042771
2016_1268_1386,0.562228046677
2016_1268_1153,0.475521564092
2016_1268_1433,0.572187504579
2016_1268_1320,0.672597593571
2016_1268_1463,0.505096824961
2016_1268_1423,0.6738088637
2016_1268_1453,0.786338990978
2016_1268_1167,0.651672701977
2016_1268_1221,0.92980014126
2016_1268_1380,0.859497761191
2016_1112_1234,0.604278556893
2016_1112_1160,0.763450141027
2016_1112_1163,0.543654902058
2016_1112_1396,0.823865258591
2016_1112_1435,0.635469787252
2016_1112_1455,0.448112726317
2016_1112_1355,0.728380605421
2016_1112_1218,0.599364344701
2016_1112_1138,0.874621538958
2016_1112_1421,0.810816753161
2016_1112_1122,0.926638571255
2016_1112_1332,0.499995272459
2016_1112_1328,0.531936199999
2016_1112_1401,0.56156369853
2016_1112_1181,0.556246811161
2016_1112_1124,0.694050623375
2016_1112_1400,0.774194934802
2016_1112_1333,0.853593267796
2016_1112_1386,0.631156300727
2016_1112_1153,0.547104659055
2016_1112_1433,0.640550178874
2016_1112_1320,0.732418590752
2016_1112_1463,0.576240527044
2016_1112_1423,0.733496237064
2016_1112_1453,0.830611661663
2016_1112_1167,0.713689484435
2016_1112_1221,0.946373527178
2016_1112_1380,0.890717975731
2016_1234_1160,0.679516196963
2016_1234_1163,0.439036293888
2016_1234_1396,0.754474049132
2016_1234_1435,0.533852040507
2016_1234_1455,0.347864693987
2016_1234_1355,0.637904925226
2016_1234_1218,0.495669548788
2016_1234_1138,0.820879113239
2016_1234_1421,0.73792016873
2016_1234_1122,0.892451073003
2016_1234_1332,0.39647884888
2016_1234_1328,0.427460330166
2016_1234_1401,0.456949655947
2016_1234_1181,0.451603023195
2016_1234_1124,0.598443955531
2016_1234_1400,0.692538111151
2016_1234_1333,0.792970831669
2016_1234_1386,0.52922691307
2016_1234_1153,0.442465860419
2016_1234_1433,0.53932197861
2016_1234_1320,0.642628022365
2016_1234_1463,0.471834762331
2016_1234_1423,0.643891465163
2016_1234_1453,0.763114096278
2016_1234_1167,0.620867406754
2016_1234_1221,0.920594718887
2016_1234_1380,0.842633741802
2016_1160_1163,0.270233504525
2016_1160_1396,0.592486532803
2016_1160_1435,0.351432496206
2016_1160_1455,0.201523016269
2016_1160_1355,0.45460493999
2016_1160_1218,0.317412981863
2016_1160_1138,0.684374923799
2016_1160_1421,0.571218030717
2016_1160_1122,0.797002109939
2016_1160_1332,0.237122159605
2016_1160_1328,0.261037209094
2016_1160_1401,0.284755631426
2016_1160_1181,0.280383528627
2016_1160_1124,0.413533188744
2016_1160_1400,0.515906644863
2016_1160_1333,0.644411348672
2016_1160_1386,0.347210613423
2016_1160_1153,0.272986143309
2016_1160_1433,0.356462631883
2016_1160_1320,0.45969384672
2016_1160_1463,0.297100300542
2016_1160_1423,0.461061642713
2016_1160_1453,0.603833729118
2016_1160_1167,0.436560616091
2016_1160_1221,0.845807626932
2016_1160_1380,0.716992580553
2016_1163_1396,0.797521909111
2016_1163_1435,0.594807368048
2016_1163_1455,0.406083704139
2016_1163_1355,0.693076493516
2016_1163_1218,0.557479057353
2016_1163_1138,0.854529078367
2016_1163_1421,0.783035769396
2016_1163_1122,0.914063013344
2016_1163_1332,0.457130758872
2016_1163_1328,0.489011481579
2016_1163_1401,0.518898636653
2016_1163_1181,0.51351257781
2016_1163_1124,0.656389395655
2016_1163_1400,0.742742428526
2016_1163_1333,0.830782917742
2016_1163_1386,0.590322918131
2016_1163_1153,0.50427463472
2016_1163_1433,0.600097836217
2016_1163_1320,0.697421295178
2016_1163_1463,0.533818050395
2016_1163_1423,0.698581883238
2016_1163_1453,0.805038552575
2016_1163_1167,0.677321796222
2016_1163_1221,0.93695074099
2016_1163_1380,0.872829978058
2016_1396_1435,0.272134995729
2016_1396_1455,0.148315871952
2016_1396_1355,0.365133769368
2016_1396_1218,0.242916605659
2016_1396_1138,0.59937988379
2016_1396_1421,0.478950826596
2016_1396_1122,0.730388162647
2016_1396_1332,0.17659468569
2016_1396_1328,0.19597338511
2016_1396_1401,0.215504037062
2016_1396_1181,0.211880234082
2016_1396_1124,0.327294512262
2016_1396_1400,0.423744405626
2016_1396_1333,0.555642027561
2016_1396_1386,0.268471405685
2016_1396_1153,0.205773374393
2016_1396_1433,0.276514031763
2016_1396_1320,0.369900401435
2016_1396_1463,0.225794278419
2016_1396_1423,0.371184568526
2016_1396_1453,0.512596327746
2016_1396_1167,0.348372350977
2016_1396_1221,0.791009641963
2016_1396_1380,0.636110832006
2016_1435_1455,0.318457661055
2016_1435_1355,0.606793130359
2016_1435_1218,0.462631656563
2016_1435_1138,0.800573813504
2016_1435_1421,0.711515556494
2016_1435_1122,0.879063916845
2016_1435_1332,0.365264005112
2016_1435_1328,0.395404366451
2016_1435_1401,0.424321193372
2016_1435_1181,0.419061727265
2016_1435_1124,0.566247065405
2016_1435_1400,0.663645344075
2016_1435_1333,0.770386765145
2016_1435_1386,0.496152752826
2016_1435_1153,0.41009061357
2016_1435_1433,0.506295422639
2016_1435_1320,0.611675002829
2016_1435_1463,0.439002655323
2016_1435_1423,0.612981972381
2016_1435_1453,0.738347748525
2016_1435_1167,0.589234363056
2016_1435_1221,0.910358871314
2016_1435_1380,0.824266619221
2016_1455_1355,0.768152092974
2016_1455_1218,0.648921405112
2016_1455_1138,0.896036256863
2016_1455_1421,0.841150077145
2016_1455_1122,0.939780467529
2016_1455_1332,0.552670206929
2016_1455_1328,0.584045544389
2016_1455_1401,0.612775716841
2016_1455_1181,0.607645961867
2016_1455_1124,0.737034042682
2016_1455_1400,0.809017053865
2016_1455_1333,0.878099039849
2016_1455_1386,0.678887698003
2016_1455_1153,0.598798968274
2016_1455_1433,0.687667502421
2016_1455_1320,0.771784074184
2016_1455_1463,0.626877272458
2016_1455_1423,0.772752371471
2016_1455_1453,0.85832567696
2016_1455_1167,0.754888209961
2016_1455_1221,0.956147428142
2016_1455_1380,0.909667363568
2016_1355_1218,0.358836091723
2016_1355_1138,0.722965159147
2016_1355_1421,0.615878148982
2016_1355_1122,0.825336315289
2016_1355_1332,0.272246285153
2016_1355_1328,0.298318536697
2016_1355_1401,0.323939459142
2016_1355_1181,0.319234254732
2016_1355_1124,0.459063982127
2016_1355_1400,0.561909415514
2016_1355_1333,0.685643380642
2016_1355_1386,0.390298871669
2016_1355_1153,0.311255210586
2016_1355_1433,0.399995517188
2016_1355_1320,0.505922643437
2016_1355_1463,0.337182017925
2016_1355_1423,0.507298842451
2016_1355_1453,0.647194915116
2016_1355_1167,0.482540694072
2016_1355_1221,0.868453979291
2016_1355_1380,0.753033919663
2016_1218_1138,0.823874648902
2016_1218_1421,0.741866800987
2016_1218_1122,0.894403643693
2016_1218_1332,0.401396218984
2016_1218_1328,0.43248659489
2016_1218_1401,0.462042841084
2016_1218_1181,0.456686730867
2016_1218_1124,0.603361986243
2016_1218_1400,0.696887427975
2016_1218_1333,0.796317285245
2016_1218_1386,0.534333030197
2016_1218_1153,0.447530649611
2016_1218_1433,0.544412860163
2016_1218_1320,0.647323818206
2016_1218_1463,0.476948142702
2016_1218_1423,0.648579738064
2016_1218_1453,0.766801232172
2016_1218_1167,0.62568258438
2016_1218_1221,0.922080947302
2016_1218_1380,0.845334011142
2016_1138_1421,0.381321433142
2016_1138_1122,0.644945871343
2016_1138_1332,0.125726090831
2016_1138_1328,0.140475019891
2016_1138_1401,0.155544722767
2016_1138_1181,0.152732869932
2016_1138_1124,0.245984591539
2016_1138_1400,0.330236070295
2016_1138_1333,0.456062887337
2016_1138_1386,0.197484892079
2016_1138_1153,0.148010611469
2016_1138_1433,0.203993977323
2016_1138_1320,0.282450055677
2016_1138_1463,0.163568876491
2016_1138_1423,0.283567254924
2016_1138_1453,0.413552004203
2016_1138_1167,0.263880110854
2016_1138_1221,0.71734409144
2016_1138_1380,0.539623434419
2016_1421_1122,0.747254842454
2016_1421_1332,0.189669420508
2016_1421_1328,0.210116759078
2016_1421_1401,0.23065258276
2016_1421_1181,0.226847708429
2016_1421_1124,0.346827105607
2016_1421_1400,0.445223457085
2016_1421_1333,0.577111152829
2016_1421_1386,0.285985909961
2016_1421_1153,0.220430110443
2016_1421_1433,0.294342105036
2016_1421_1320,0.390499669032
2016_1421_1463,0.241443540884
2016_1421_1423,0.391810880861
2016_1421_1453,0.534402486707
2016_1421_1167,0.368473832216
2016_1421_1221,0.805095904345
2016_1421_1380,0.656098402793
2016_1122_1332,0.0735769666501
2016_1122_1328,0.0827875763464
2016_1122_1401,0.0923335533362
2016_1122_1181,0.0905418784653
2016_1122_1124,0.152664400486
2016_1122_1400,0.214025627558
2016_1122_1333,0.316497751543
2016_1122_1386,0.11964465602
2016_1122_1153,0.0875437890047
2016_1122_1433,0.123984507039
2016_1122_1320,0.17857210473
2016_1122_1463,0.097473201965
2016_1122_1423,0.17938114223
2016_1122_1453,0.280292414262
2016_1122_1167,0.165258800292
2016_1122_1221,0.58361093112
2016_1122_1380,0.392960657828
2016_1332_1328,0.532733892031
2016_1332_1401,0.562352440521
2016_1332_1181,0.557037573268
2016_1332_1124,0.69473058729
2016_1332_1400,0.774754586348
2016_1332_1333,0.853993245106
2016_1332_1386,0.631901911048
2016_1332_1153,0.547898471338
2016_1332_1433,0.6412875922
2016_1332_1320,0.733046081152
2016_1332_1463,0.577022753015
2016_1332_1423,0.734122117717
2016_1332_1453,0.831061997806
2016_1332_1167,0.714343765619
2016_1332_1221,0.946535908548
2016_1332_1380,0.891029477614
2016_1328_1401,0.53065574743
2016_1328_1181,0.525280895182
2016_1328_1124,0.666943138738
2016_1328_1400,0.751647419562
2016_1328_1333,0.837307918266
2016_1328_1386,0.601674447775
2016_1328_1153,0.516055819609
2016_1328_1433,0.611356832465
2016_1328_1320,0.707276801097
2016_1328_1463,0.545529891071
2016_1328_1423,0.708415391585
2016_1328_1453,0.812332010094
2016_1328_1167,0.687538667197
2016_1328_1221,0.939679157893
2016_1328_1380,0.877971793212
2016_1401_1181,0.495404669003
2016_1401_1124,0.639869972589
2016_1401_1400,0.728658341704
2016_1401_1333,0.820352983951
2016_1401_1386,0.572694975469
2016_1401_1153,0.486166940511
2016_1401_1433,0.58259309581
2016_1401_1320,0.681918590396
2016_1401_1463,0.515753215965
2016_1401_1423,0.683111623192
2016_1401_1453,0.793416401897
2016_1401_1167,0.661289423728
2016_1401_1221,0.93253319708
2016_1401_1380,0.864569197382
2016_1181_1124,0.644824679079
2016_1181_1400,0.732901399757
2016_1181_1333,0.823509482252
2016_1181_1386,0.577964312415
2016_1181_1153,0.491555987635
2016_1181_1433,0.587828220231
2016_1181_1320,0.686578153691
2016_1181_1463,0.521137600924
2016_1181_1423,0.687761712058
2016_1181_1453,0.796929032119
2016_1181_1167,0.666103214779
2016_1181_1221,0.93387749953
2016_1181_1380,0.867074677167
2016_1124_1400,0.602576369681
2016_1124_1333,0.720536874005
2016_1124_1386,0.430757944378
2016_1124_1153,0.348199955079
2016_1124_1433,0.440733155535
2016_1124_1320,0.547602477928
2016_1124_1463,0.375526266559
2016_1124_1423,0.548966081561
2016_1124_1453,0.684391681617
2016_1124_1167,0.524338509844
2016_1124_1221,0.886417086603
2016_1124_1380,0.782816541946
2016_1400_1333,0.630438834002
2016_1400_1386,0.33363593257
2016_1400_1153,0.261152444563
2016_1400_1433,0.342716134736
2016_1400_1320,0.444717434199
2016_1400_1463,0.284630527188
2016_1400_1423,0.446077458713
2016_1400_1453,0.589282987598
2016_1400_1167,0.421749575249
2016_1400_1221,0.837756357693
2016_1400_1380,0.704564549375
2016_1333_1386,0.227461578012
2016_1333_1153,0.172087854649
2016_1333_1433,0.234669774913
2016_1333_1320,0.320178278989
2016_1333_1463,0.18961375781
2016_1333_1423,0.321377870616
2016_1333_1453,0.457623768041
2016_1333_1167,0.300165489968
2016_1333_1221,0.752262111484
2016_1333_1380,0.583756851297
2016_1386_1153,0.414591487585
2016_1386_1433,0.510937648082
2016_1386_1320,0.616077732586
2016_1386_1463,0.44358224033
2016_1386_1423,0.617379153204
2016_1386_1453,0.741920253748
2016_1386_1167,0.593722527927
2016_1386_1221,0.911863149475
2016_1386_1380,0.826940979711
2016_1153_1433,0.596754218677
2016_1153_1320,0.694477120015
2016_1153_1463,0.530353964785
2016_1153_1423,0.695644072703
2016_1153_1453,0.802845504948
2016_1153_1167,0.674273388917
2016_1153_1221,0.936123788401
2016_1153_1380,0.871277560243
2016_1433_1320,0.606437247257
2016_1433_1463,0.433592538812
2016_1433_1423,0.607750540663
2016_1433_1453,0.734075766904
2016_1433_1167,0.583899829327
2016_1433_1221,0.908547452212
2016_1433_1380,0.821057455859
2016_1320_1463,0.332614441625
2016_1320_1423,0.502172741619
2016_1320_1453,0.642498597652
2016_1320_1167,0.477422351195
2016_1320_1221,0.866093539424
2016_1320_1380,0.749200505021
2016_1463_1423,0.670016618479
2016_1463_1453,0.783434522533
2016_1463_1167,0.647757639141
2016_1463_1221,0.928668950508
2016_1463_1380,0.857407458479
2016_1423_1453,0.641232966564
2016_1423_1167,0.476048891463
2016_1423_1221,0.865453717789
2016_1423_1380,0.748164558512
2016_1453_1167,0.337733226734
2016_1453_1221,0.783097849815
2016_1453_1380,0.625114165457
2016_1167_1221,0.876577179142
2016_1167_1380,0.766367089723
2016_1221_1380,0.316627670597
